symbol,grade,score,close,rs_20d,rs_60d
FINEORG.NS,A,87.0,5380.5,9.49,15.77
GLAND.NS,A,87.0,3079.1,9.99,32.25
PVRINOX.NS,A,84.0,1309.2,12.26,37.01
PTCIL.NS,A,82.5,24470.0,9.06,47.14
KOTAKBANK.NS,A,82.0,435.0,9.69,22.65
HFCL.NS,A,79.0,258.31,9.04,29.08
AETHER.NS,A,79.0,1744.1,12.1,28.69
BHEL.NS,A,77.5,429.6,7.7,14.27
SUNFLAG.NS,B,74.0,450.7,39.55,40.65
CONTROLPR.NS,B,73.0,613.4,9.33,2.57
LEMONTREE.NS,B,72.0,110.05,10.02,3.38
LAURUSLABS.NS,B,71.5,1997.9,8.56,35.58
AXISCADES.NS,B,71.0,2077.6,18.33,34.4
ESTER.NS,B,68.5,94.67,9.79,14.79
LXCHEM.NS,B,68.5,182.03,4.59,16.93
